idUsuario,telefono,email,nombre,apellido,x,y,password
1,987-955-1226,aseggie0@upenn.edu,Auberon,Seggie,719.48,838.1,123
2,923-654-8890,bwillan1@gmail.com,Betty,Willan,521.16,245.56,456
3,812-945-2234,jdoe2@hotmail.com,John,Doe,390.89,600.25,789
4,764-223-5587,amorgan3@yahoo.com,Alice,Morgan,1020.5,329.9,101
5,634-884-6577,pjones4@example.com,Paul,Jones,540.22,820.75,121
6,723-444-1234,swright5@outlook.com,Susan,Wright,750.6,910.4,131
7,900-111-4455,thunter6@mail.com,Tom,Hunter,655.8,123.45,141
8,811-222-3344,jbrown7@aol.com,Jane,Brown,404.78,756.2,151
9,944-123-7890,gsmith8@example.org,George,Smith,610.55,290.1,161
10,776-555-1234,hjohnson9@edu.org,Hannah,Johnson,820.1,134.66,171
